cz,cz_name,w_deaths2014,w_population2014,w_mort_AgeAdj2014
100,"Johnson City",11078.13486,869721.4021,923.51329
200,"Morristown",3588.452662,293952.7464,966.62151
301,"Middlesborough",1109.234241,79180.92992,1129.2095
302,"Knoxville",20025.92221,1822548.669,900.77972
401,"Winston-Salem",7676.89397,693748.1408,785.0792
402,"Martinsville",1315.174768,84421.23466,950.3483
500,"Greensboro",14352.2748,1276528.323,819.75416
601,"North Wilkesboro",1253.511704,101350.1388,839.4043
602,"Galax",1090.92421,78015.53506,904.26774
700,"Spartanburg",7357.618485,627512.6057,908.72148
800,"Gastonia",5226.109977,432079.8682,939.23384
900,"Charlotte",19393.12658,2550576.42,738.98066
1001,"Boone",817.2811239,107471.9045,713.02818
1002,"Morganton",2693.543341,209328.0414,890.54991
1100,"Hickory",4692.541082,422550.3335,883.36187
1201,"Franklin",712.887965,50830.00542,797.39651
1202,"Sylva",659.4576589,75895.28254,694.55585
1203,"Asheville",7918.806917,708462.959,729.87335
1204,"Andrews",1121.027836,77001.63597,776.1836
1301,"Bennettsville",636.3161062,47306.93252,1064.6736
1302,"Florence",12778.48276,1052403.484,881.34364
1400,"Fayetteville",6270.213032,640022.1951,835.19209
1500,"Wilmington",5599.64805,569698.0885,747.12001
1600,"Rocky Mount",1596.3723,121330.5425,865.75265
1701,"Raleigh",22140.60995,3544755.622,658.69127
1702,"Henderson",422.4280934,30535.1715,791.08847
1800,"Goldsboro",1725.624541,153515.3107,839.81819
1900,"Jacksonville",5753.137637,697506.0234,806.16385
2000,"Virginia Beach",15823.70615,1896181.593,766.22616
2100,"Washington",1772.875141,150824.8357,777.34382
2200,"South Boston",1499.810896,113334.7702,828.20753
2300,"Lynchburg",2597.049708,248926.2705,761.7906
2400,"Richmond",20258.08487,2242689.486,716.76147
2500,"Newport News",6527.106131,654362.4724,733.16422
2600,"Roanoke Rapids",1122.736736,76533.98285,871.70977
2700,"Gulfport",7029.831246,611828.9945,952.45223
2800,"Laurel",1577.490726,122884.9982,930.15667
2900,"Hattiesburg",1744.086267,184091.7003,835.7333
3001,"Kosciusko",319.3347059,17707.40265,994.58229
3002,"Yazoo City",239.7141438,17603.40146,897.0927
3003,"Jackson",4901.045723,501433.8712,826.10935
3101,"McComb",1011.232951,69625.47124,962.37523
3102,"Brookhaven",492.1148277,38855.85912,959.53423
3201,"Jena",230.599118,20762.08001,910.18669
3202,"Natchez",613.078253,40443.78344,965.57327
3203,"Vicksburg",971.3249262,75329.97827,925.11192
3300,"New Orleans",16261.64549,1480650.527,821.57444
3400,"Houma",2715.265718,260453.5828,883.69835
3500,"Baton Rouge",12143.96825,1276658.671,854.78096
3600,"Alexandria",2226.364679,185740.7025,933.37516
3700,"Lake Charles",5877.195246,521475.376,987.37013
3800,"Lafayette",5396.965416,616420.0665,851.14129
3901,"Monroe",4275.404405,360511.8948,944.45956
3902,"Lake Providence",188.6289131,15666.06824,913.41316
4001,"Magnolia",334.7491948,24073.84411,905.11271
4002,"Shreveport",7750.229437,639341.717,870.34171
4003,"Ruston",520.7535518,56102.50142,790.54851
4004,"Many",231,16904,943.4
4101,"Crossett",207,14334,1038.1
4102,"Pine Bluff",1672.009054,117424.0249,955.74768
4103,"El Dorado",1138.729236,72687.82572,1006.5996
4200,"Little Rock",10199.27139,952218.3886,848.07174
4301,"Stuttgart",433.8645418,29683.20717,958.39801
4302,"Searcy",1945.83465,174041.6227,956.02599
4401,"Corbin",1805.76568,164831.7447,1024.8048
4402,"Richmond",2052.294314,226225.113,941.99279
4501,"West Liberty",739.1156984,50760.79934,1281.5277
4502,"Hazard",1530.427711,112807.9766,1131.5835
4601,"Campbellsville",1053.207927,88509.56424,913.20775
4602,"Somerset",2558.572256,191927.6318,1083.5095
4701,"Greenwood",528.7016681,34831.99533,973.34724
4702,"Clarksdale",1291.166082,144615.9856,889.74236
4800,"Greenville",647.8637113,42024.94121,987.83185
4901,"Jackson",2439.747874,192761.1741,903.52308
4902,"Dyersburg",1069.294998,86801.19689,973.57755
4903,"Lexington",720.8486782,54795.29263,1021.7496
5000,"Tupelo",2714.342849,209965.8437,962.50435
5100,"Corinth",1735.580243,122575.6344,1037.8879
5201,"New Albany",687.2587532,55106.61221,1003.8395
5202,"Memphis",17925.81546,1710646.517,818.66375
5300,"West Memphis",932.1490249,73654.47336,952.33501
5401,"Bowling Green",2821.628787,324422.5062,866.36295
5402,"Glasgow",1847.482456,142953.7254,999.5962
5500,"Columbia",2393.592669,218812.2586,914.51741
5600,"Nashville",21035.60713,2470035.498,786.46387
5700,"Tullahoma",1954.514982,159511.049,965.75002
5800,"Dickson",1929.730483,154375.2734,970.87578
5900,"Clarksville",3785.517833,518517.5888,871.48428
6000,"Huntsville",7934.460136,770205.7005,857.68093
6100,"Gadsden",3796.402849,279072.6119,1042.7002
6200,"Florence",3413.986719,263111.7895,973.04965
6301,"McMinnville",1358.959037,104966.9573,990.74169
6302,"Cookeville",2246.365061,193992.0551,922.88932
6401,"Chattanooga",12495.15893,1152542.604,844.73932
6402,"Crossville",2146.181283,153677.4463,911.80397
6501,"Ellijay",582.6066461,48146.93271,793.16673
6502,"Cleveland",3612.671146,304517.993,955.7189
6600,"Rome",5056.904028,446204.3938,950.28298
6700,"Tampa",30123.81935,2397740.908,753.77677
6800,"Lakeland",13878.33152,1026000.05,763.83768
6900,"Sarasota",15179.74083,1055839.32,612.17052
7000,"Miami",22297.20927,1822914.543,655.6682
7100,"Port St. Lucie",52584.56195,3653282.03,603.43658
7200,"Cape Coral",9684.083108,789596.9732,552.44972
7300,"Palm Bay",10274.658,726955.4734,743.53109
7400,"Orlando",16753.87957,1810210.976,704.23259
7500,"Deltona",13952.02462,898310.3206,815.01998
7600,"Jacksonville",23189.25769,2277916.336,783.06683
7700,"Lake City",2739.729571,198539.3172,930.75629
7800,"Ocala",7068.605354,413258.1917,842.05363
7900,"Gainesville",5933.12691,675801.7417,802.52157
8000,"Sumter",1851.164836,164086.4862,888.74053
8100,"Columbia",10900.92931,1171152.758,799.85489
8201,"Barnwell",479.2747285,34267.65185,960.72344
8202,"Charleston",5450.444143,700814.4176,718.54708
8300,"Greenville",16709.00105,1630517.983,830.01157
8401,"Augusta",8162.198548,767401.3783,846.59097
8402,"Washington",315.5870199,21362.13098,806.08367
8501,"Fitzgerald",244.6182087,17080.94247,981.86896
8502,"Cordele",327.0316554,26521.97405,837.92455
8503,"Valdosta",3185.03913,318297.8684,912.75678
8601,"Waycross",1477.708984,113681.8973,1018.7475
8602,"Brunswick",1365.545455,121729.3054,779.15186
8701,"Hinesville",911.6238559,100371.771,965.75402
8702,"Statesboro",1279.002163,157064.7219,891.14512
8800,"Savannah",5423.032405,544917.9109,718.90892
8900,"Macon",5965.361377,544266.9931,847.42113
9001,"Vidalia",1188.357485,93238.78686,955.74006
9002,"Milledgeville",811.454431,72677.84613,837.94469
9003,"Dublin",773.9909473,64257.02894,824.20494
9100,"Atlanta",35330.63721,4692387.553,724.22338
9200,"Griffin",1691.164407,123369.3049,1022.2398
9301,"Athens",1853.450954,246653.8941,777.34411
9302,"Toccoa",1020.11496,74440.42595,972.47316
9400,"Gainesville",4653.54808,431152.25,824.17581
9500,"Talladega",1966.703766,150107.4175,950.73765
9600,"LaGrange",6625.048373,622131.9404,943.46744
9701,"Columbus",3963.898973,339225.3021,875.3031
9702,"Americus",635.9070242,46505.45316,820.02857
9800,"Auburn",2345.544814,301322.6807,902.71349
9900,"Tallahassee",7287.97207,906954.5966,791.3218
10000,"Panama City",4453.90788,374745.0504,914.45798
10101,"Bainbridge",450.7334373,31253.51981,943.32556
10102,"Thomasville",566.4233852,44345.79066,850.60111
10200,"Albany",1431.862466,112672.3329,892.0521
10301,"Eufaula",677.0695057,48001.24187,856.40548
10302,"Dothan",2709.264012,233927.8175,867.79695
10400,"Meridian",1892.05502,138861.588,962.41518
10501,"Columbus",913.6594824,74261.42542,861.12153
10502,"Starkville",707.4648816,88442.94919,821.25361
10600,"Jasper",2807.758014,188600.6588,1058.0937
10700,"Birmingham",14902.25486,1272963.525,870.16881
10801,"Tuscaloosa",4794.798217,512234.1618,896.4303
10802,"Demopolis",403.8834646,28720.4843,831.78372
10900,"Pensacola",6848.013349,639055.8108,814.49802
11001,"Mobile",11124.75084,998709.1556,846.22103
11002,"Atmore",746.7482152,52121.55811,962.69222
11101,"Montgomery",3841.396545,312652.7163,891.16418
11102,"Troy",1018.757827,72955.57062,966.85426
11201,"Bluefield",3190.330498,229225.1853,988.7319
11202,"Welch",610.154298,40889.19988,1216.2707
11203,"Big Stone Gap",1508.624248,108949.9284,1086.59
11301,"Fredericksburg",2447.140063,377860.7687,695.96329
11302,"Baltimore",20712.33819,2005215.016,749.37499
11303,"Colonial Beach",641.7483175,42012.6541,718.29452
11304,"Washington DC",39789.11417,6086459.538,578.06836
11401,"Marquette",1991.661356,188293.7898,742.42622
11402,"Marinette",1668.636306,139046.2088,702.41218
11403,"Sault Ste. Marie",753.5446857,63175.86957,781.38562
11500,"Jackson",3531.979359,317502.5524,825.60249
11600,"Detroit",68239.17257,6593665.008,775.21669
11700,"Lansing",4049.589585,455268.5771,752.07003
11800,"Mount Pleasant",1260.726083,141117.9344,788.46386
11900,"Saginaw",7117.861084,626262.2941,763.38147
12001,"Big Rapids",1495.395651,143620.9694,817.94066
12002,"Ludington",623.9241794,49198.77346,761.14607
12100,"Kalamazoo",5373.237492,566657.3137,741.08574
12200,"Grand Rapids",19401.61975,2275071.955,720.09802
12301,"Traverse City",2689.005059,269906.7932,701.24096
12302,"Petoskey",991.5424031,80685.58649,756.03871
12401,"Alpena",1232.642947,87171.05102,783.20227
12402,"Grayling",1539.218351,111496.9909,835.38458
12501,"Dayton",22317.11874,1907442.76,829.92729
12502,"Washington Court House",1244.111118,111419.2443,909.43356
12600,"Wayne",1927.106455,141149.6338,944.2027
12701,"Cincinnati",36688.33128,3623586.461,825.54278
12702,"Maysville",691.2931746,53835.21426,1057.0485
12800,"Washington",1810.487499,187262.3762,809.89957
12901,"Lexington",13485.76961,1575698.433,830.24276
12902,"Mount Sterling",588.0083372,57753.97028,901.21784
12903,"Danville",1041.479209,87613.43245,919.51727
13000,"Elizabethtown",2612.749073,266817.8865,913.3084
13101,"Louisville",39722.6517,3529822.417,851.03573
13102,"Madison",860.072081,67779.43063,1018.231
13103,"Bardstown",813.528419,91127.49297,839.7454
13200,"Owensboro",3800.838882,336844.9422,884.41487
13300,"Findlay",2699.18668,253841.0043,801.05565
13400,"Lima",3033.078882,278781.6369,761.93828
13501,"Toledo",13134.46927,1185063.767,809.5382
13502,"Defiance",1017.979076,92661.63168,788.48125
13600,"South Bend",9191.53011,774453.4699,846.84017
13700,"Concord",4880.235041,483514.8542,801.94756
13800,"Wayne",1600.192126,155703.3007,808.98761
13900,"Center",2874.431675,234020.7887,859.89358
14000,"Muncie",5909.837613,498779.8451,894.78725
14100,"Fort Wayne",13418.55076,1355739.503,805.27638
14200,"Indianapolis",29065.59487,3130297.619,779.61481
14300,"Columbus",2107.441232,190189.0702,933.62286
14400,"Terre Haute",4154.766139,373043.0822,876.12707
14500,"Lafayette",6309.393849,698912.2361,816.13363
14600,"Bloomington",3956.26513,499192.4186,804.06915
14700,"Evansville",8488.988838,768916.6237,795.18684
14801,"Olney",845.2618287,56525.27846,919.64242
14802,"Vincennes",779.9444601,58816.50244,971.47329
14900,"Gary",9452.278243,829028.6497,827.38706
15000,"Canton",16042.05344,1437377.537,783.09754
15100,"Lorain",6019.631341,552059.6489,796.89536
15200,"Cleveland",37983.95045,3252652.832,756.88095
15300,"Parkersburg",4448.516947,352801.9171,909.77798
15400,"Zanesville",3059.323411,260811.2161,880.49417
15500,"Weirton",2024.042165,137229.1535,976.43374
15600,"Wheeling",3253.170246,252496.0695,854.71725
15700,"Scioto",3553.962172,282966.231,1016.1616
15800,"Athens",1580.750389,161055.6115,924.54455
15900,"Columbus",38144.68725,4533367.104,778.81339
16000,"Mansfield",4211.876381,346942.6331,860.64459
16100,"State College",3041.883326,381614.3084,674.50892
16200,"Altoona",5353.531853,419094.9537,789.10562
16300,"Pittsburgh",59878.79282,5067181.263,760.08733
16400,"Youngstown",9559.926916,719315.5027,818.51472
16500,"Erie",11445.41024,1025805.87,784.00907
16600,"Roanoke",6752.112876,658257.7445,804.83451
16701,"Elkins",965.7368781,79574.78496,847.21407
16702,"Morgantown",3600.019228,383971.8152,822.12241
16703,"Buckhannon",510.3896494,41553.84194,944.77518
16801,"Beckley",2679.46296,199804.7471,975.784
16802,"Summersville",859.8378919,69859.93449,896.84344
16901,"Charleston",8721.76393,654827.6323,997.97612
16902,"Spencer",316.7615491,23941.36671,919.36281
17000,"Pikeville",3431.985752,257475.8744,1149.0916
17100,"Huntington",5579.526,432767.1477,971.24837
17200,"Harrisonburg",2351.197476,239597.6596,723.37079
17300,"Staunton",4329.805985,390490.9272,794.44851
17400,"Hagerstown",6780.145526,633901.3016,819.31007
17501,"Cumberland",2649.405258,207726.5355,806.70578
17502,"Winchester",1871.608501,192832.6776,777.39524
17600,"Charlottesville",3294.234472,392358.4158,670.68025
17700,"Syracuse",15976.88328,1537873.104,723.63103
17800,"Oneonta",1628.53776,148994.3272,729.97696
17900,"Union",4403.024736,379158.4524,753.4688
18000,"Buffalo",56337.84766,5097271.198,723.59753
18100,"Elmira",3866.198075,376918.4986,759.26323
18201,"Olean",2259.571255,210204.3462,775.0271
18202,"St. Marys",650.1512076,54271.49257,734.35759
18300,"Watertown",2404.731756,278640.7458,730.67409
18400,"Plattsburgh",1663.018219,168844.2201,754.90087
18500,"Amsterdam",1607.689486,134418.2096,793.12032
18600,"Albany",12986.34953,1359247.371,700.31221
18700,"Sunbury",2860.555637,241517.1193,724.42483
18800,"Scranton",16211.11449,1218636.551,805.87089
18900,"Williamsport",3636.42985,313221.0847,791.61169
19000,"Allentown",7937.288563,667567.0999,721.05685
19100,"Reading",13657.95269,1300902.818,702.65282
19200,"Harrisburg",16729.19481,1685855.624,710.98803
19300,"Poughkeepsie",7520.903523,807154.0406,707.59798
19400,"New York City",62252.12661,7009357.736,590.88925
19500,"Toms River",11513.85327,982648.1284,713.88338
19600,"Newark",40772.38032,3948792.875,654.86205
19700,"Philadelphia",53716.81992,5193219.07,724.34493
19800,"Wilmington",5447.996294,564748.5384,733.21533
19901,"Dover",6881.890878,563871.364,772.41531
19902,"Easton",1666.55704,150562.9978,757.96827
19903,"Chincoteague",557.7365097,34101.66109,864.69073
20001,"Bangor",4728.032193,467532.0386,739.93483
20002,"Calais",397,29032,870.3
20003,"Presque Isle",803,66179,755.2
20100,"Portland",11903.51309,1200728.974,749.01352
20200,"Burlington",4294.706105,545493.1415,681.46474
20301,"Berlin",1319.851943,109850.2551,774.29244
20302,"Claremont",2886.522717,294197.4633,688.66322
20401,"Providence",22827.41304,2071834.399,729.38754
20402,"Nantucket",77,8400,697.7
20403,"Oak Bluffs",116,15597,499.1
20500,"Boston",45667.18266,4991803.373,671.20611
20600,"Manchester",14670.60622,1652666.257,722.38037
20700,"Keene",1144.61781,122682.4077,688.38669
20800,"Springfield",7911.976547,693017.1267,718.7992
20901,"Bridgeport",38386.56699,3658550.416,653.03257
20902,"Pittsfield",2292.129577,195789.8223,699.69581
21001,"Ashland",519.4752348,39729.69061,787.12567
21002,"Houghton",895.1280505,84887.26003,799.40189
21003,"Ironwood",459.8769586,31409.9389,775.3524
21004,"Rhinelander",1044.452433,78200.63201,716.84636
21101,"Rice Lake",1408.766195,114966.7927,788.03307
21102,"Amery",740.8303915,69490.03226,731.84891
21201,"Hutchinson",773.0908959,77393.39668,665.99294
21202,"Redwood Falls",354.0641224,27199.74733,691.02815
21301,"Mankato",1648.893096,193499.5807,644.60847
21302,"Owatonna",1103.067069,126078.7752,633.0142
21400,"St. Cloud",2638.894832,397019.3074,623.6409
21501,"Minneapolis",42663.69293,5396686.667,626.51574
21502,"Pine City",472.0820321,44625.58351,741.14493
21600,"Brainerd",2004.383057,177340.4098,730.24214
21701,"Rochester",3270.769837,407440.1342,599.20353
21702,"Austin",715.0957034,59954.82778,640.48142
21801,"Mason City",1390.60919,109923.2678,748.54983
21802,"Decorah",829.2080028,71916.79791,673.3871
21900,"Marshalltown",1361.253129,109569.4657,755.18609
22001,"Waterloo",4085.43857,419510.0203,707.99685
22002,"Iowa Falls",345.1838419,27206.39189,641.43645
22100,"Iowa City",2440.328783,392368.1682,641.32913
22200,"Cedar Rapids",5247.51338,612160.352,678.6958
22300,"Ottumwa",2105.965355,175136.1913,806.38405
22400,"Sheboygan",1796.829626,177263.9083,686.74777
22500,"Appleton",7294.255871,821893.5716,728.55064
22601,"Green Bay",5200.133427,649087.315,657.16533
22602,"Shawano",700.0355165,61224.9912,717.68262
22700,"Wausau",5128.491229,522987.6458,690.5702
22800,"Eau Claire",4074.064063,456897.0368,698.54469
22900,"La Crosse",3139.708848,341619.1677,705.82728
23000,"Monroe",1462.480244,144667.0896,711.78231
23100,"Madison",14121.97044,1892640.687,669.15851
23200,"Dubuque",3073.770682,290750.982,719.99539
23301,"Charleston",1328.598193,132047.2929,782.64844
23302,"Douglas",1185.674643,111513.1516,749.23719
23400,"Bloomington",2659.72171,336613.2729,726.50915
23500,"Decatur",6211.417087,665553.8827,764.39029
23600,"Burlington",1961.074682,156741.0744,800.75555
23700,"Galesburg",1781.221916,135163.9456,836.2017
23801,"Davenport",5718.742783,539716.0496,731.1194
23802,"Clinton",894.3823697,73520.08537,791.05742
23900,"Peoria",9435.33322,818289.8984,793.28655
24000,"Kenosha",5264.05329,514865.8205,775.59313
24100,"Milwaukee",21495.6114,2072178.74,691.00539
24200,"Bourbonnais",1562.962717,135717.219,812.20822
24300,"Chicago",107715.0581,10995740.85,681.13057
24400,"Rockford",10658.49811,920075.3005,779.33184
24500,"Rolla",1513.297136,157943.1023,938.68115
24600,"Farmington",2715.726413,219055.6974,999.82571
24701,"St. Louis",42936.91389,4238298.513,741.94762
24702,"Mexico",475.3617083,38237.6686,888.3848
24801,"Jacksonville",1373.524818,113559.6362,804.34112
24802,"Springfield",5226.410252,490533.4207,788.31453
24900,"Edwardsville",11674.04276,987288.7341,853.82988
25000,"Quincy",2773.183703,226382.8673,822.14354
25101,"Mountain Home",1416.957711,87681.82944,872.36758
25102,"West Plains",1615.198613,127292.0327,889.65739
25103,"Harrison",1288.712746,103415.7149,843.5312
25104,"Heber Springs",798.6379664,57261.04245,827.74593
25105,"Batesville",1018.654599,74024.63987,948.84324
25200,"Henderson",2599.581711,206832.0559,988.68056
25300,"Union City",1738.482955,138967.167,912.36969
25401,"Paducah",3277.77934,244146.4399,924.67597
25402,"Murray",408,34572,965.4
25500,"Centralia",1782.680916,153550.797,787.28806
25601,"Carbondale",4050.086327,349659.7344,869.5025
25602,"Harrisburg",791.2770642,52855.94118,1024.5911
25701,"Cape Girardeau",2787.970072,252970.938,844.14006
25702,"Poplar Bluff",1495.435897,106482.3067,1005.9072
25800,"Blytheville",1043.235006,70477.11091,1106.7996
25900,"Jonesboro",3307.590606,297337.4665,979.09647
26001,"Roseau",230.688667,24934.32914,697.12644
26002,"Duluth",5870.577173,556947.7125,732.63377
26003,"West Cook",50,4559,711.6
26004,"International Falls",123,12168,614.5
26101,"Moberly",816.2228867,64659.65581,897.90066
26102,"Marshall",605.9428271,45882.15497,864.8306
26103,"Brookfield",304.0565606,20270.08193,903.92541
26104,"Trenton",232.1154824,16193.39088,893.06423
26105,"Polk",151.0415693,9857.531253,924.19049
26106,"Centerville",366.2700467,29057.12877,770.88299
26107,"Kirksville",719.8082753,67364.55977,884.71812
26201,"Bismarck",2397.468499,301398.352,634.56984
26202,"East Grant",25,2274,539.4
26203,"Linton",144.7007934,8336.284473,709.29579
26204,"Steele",12,2294,334
26301,"Devils Lake",285.120507,22268.62694,784.25969
26302,"Carrington",82.80530973,5639.044248,749.36903
26303,"Turtle Mountain",62.14165391,5362.95559,607.31964
26304,"Minot",1511.450597,197487.4438,679.44842
26305,"Rugby",153.4207472,11159.33706,637.82067
26401,"Ekalaka",26.89462366,2326.032688,741.23497
26402,"Baker",24,2998,567.1
26403,"Bowman",45,3027,924.3
26404,"Lemmon",110.8745455,7780.086234,723.96756
26405,"Scobey",33,1702,880
26406,"Wolf Point",111.6926935,7202.569804,939.53438
26407,"Plentywood",53,3500,848.8
26408,"Glasgow",128.2673921,11127.27244,692.43358
26409,"Glendive",194.0095352,21460.70407,605.49429
26410,"Dickinson",410.1418576,49300.95449,648.91839
26411,"Sidney",184.7535261,26565.33498,655.39037
26412,"Williston",589.3997159,73354.23917,845.43671
26501,"Brookings",495.4618348,72762.06364,698.63274
26502,"Madison",194.1287917,20404.59706,624.80341
26503,"Sioux Falls",4442.332642,584576.3062,660.58656
26504,"Watertown",759.9554399,76066.92086,705.30952
26601,"Milbank",216.7621719,16379.53296,670.36564
26602,"Sisseton",206.2088176,15464.5519,659.15733
26603,"East Corson",16,1342,781.1
26604,"Mobridge",130.0367472,7613.562436,819.61837
26605,"Aberdeen",1418.84897,127791.7088,692.67671
26701,"Bemidji",1313.704305,132050.8645,701.27291
26702,"Grafton",418.0573417,27541.52304,780.25261
26703,"Thief River Falls",267.7824054,30630.99104,538.0255
26704,"Grand Forks",1463.087783,185660.4625,694.45925
26801,"Fargo",3823.12883,553902.2842,649.99009
26802,"Lisbon",206.839751,14086.48827,752.95245
26803,"Jamestown",529.4329903,45586.1339,701.71779
26804,"Cooperstown",41,2270,685.8
26901,"Fergus Falls",2274.032616,193028.277,656.24147
26902,"Little Falls",761.0879316,75133.48345,695.6453
27001,"O'Neill",204.9565071,17155.79512,633.11857
27002,"Ord",111.2729858,9323.840758,645.21555
27003,"Ainsworth",79.62233169,4774.735632,845.18801
27004,"Winner",133.4818193,8410.380175,790.14498
27005,"Yankton",624.6510363,55278.46478,656.47978
27006,"Mitchell",698.8870192,54709.95072,849.30293
27007,"Huron",344.8433648,26579.69635,744.77042
27008,"Parkston",260.8385367,17381.6742,695.70304
27009,"Chamberlain",79.57621685,7669.536578,629.20854
27010,"Miller",67.78242492,5418.107675,581.08521
27011,"Pierre",221.3701758,26018.94679,648.39616
27012,"Gettysburg",33,2235,613.6
27101,"Willmar",1292.827698,111710.8995,637.29994
27102,"Marshall",615.8046981,60193.37396,631.1064
27201,"Sioux Center",629.3862113,67437.3718,625.37171
27202,"Worthington",676.8153833,50681.21765,675.91344
27301,"Spencer",722.4579616,58142.79384,656.54867
27302,"Fairmont",616.7011368,44872.96876,695.88343
27401,"Storm Lake",601.5348952,42682.78709,720.81483
27402,"Fort Dodge",1492.04497,117189.7824,750.15812
27501,"Des Moines",15534.85962,1933865.101,700.75443
27502,"Creston",482.3159257,35542.79434,874.63682
27503,"Atlantic",500.3135559,33024.56991,833.68376
27504,"Carroll",593.2073551,45119.57756,703.5277
27601,"Rapid City",2931.135668,345724.4909,666.70077
27602,"Eagle Butte",15,1300,716
27603,"Southwest Jackson",37.95585413,3161.260397,575.71193
27605,"Mission",20,1074,1592.8
27701,"Scottsbluff",1114.512291,90657.74365,756.81618
27702,"Cheyenne",1735.505249,201837.0896,705.69289
27703,"Torrington",250.6078192,20391.517,772.73057
27704,"Gordon",124.1249556,7488.068868,749.49624
27801,"Norfolk",941.8664821,79799.75612,721.4812
27802,"Columbus",945.8038378,86394.03441,702.6997
27901,"Hastings",772.7571627,66107.26218,782.96288
27902,"York",369.7333621,28193.76073,808.09392
27903,"Grand Island",1338.296238,123904.2502,731.99014
28001,"Sioux City",3690.546554,338259.0283,769.98807
28002,"West Point",254.6695708,19591.31377,704.68759
28101,"Lincoln",8166.457014,1056151.18,704.4278
28102,"Nebraska City",645.3981432,47221.76577,771.60437
28201,"Red Oak",727.584477,48898.05851,842.34892
28202,"Omaha",18828.86811,2220648.685,759.06006
28301,"Sterling",550.8555819,48169.76604,710.36914
28302,"Ogallala",247.0757978,20098.70921,706.9327
28303,"Oshkosh",23,1794,552.7
28304,"Valentine",113.9393633,9398.022233,713.6713
28305,"Broken Bow",127,10290,692.6
28306,"North Platte",333,31908,756.3
28401,"Colorado Springs",12446.51942,1703565.474,712.56675
28402,"Limon",56,4362,725.1
28501,"Springfield",53,3156,766.2
28502,"Pueblo",4614.735967,347771.1362,834.68588
28503,"Trinidad",165.4621048,12576.56353,691.01808
28504,"Burlington",176.9668764,14045.65386,749.10449
28601,"Oberlin",71.2049904,5234.325528,522.45829
28602,"Norton",56,5000,637.6
28603,"Phillipsburg",150,9191.135919,872.96192
28604,"Colby",227.5615038,19402.12926,819.06196
28605,"Goodland",104.727633,8758.410303,680.07022
28606,"Wano",66.82747069,4303.393635,813.10553
28607,"McCook",319.9659112,22264.28837,870.74033
28608,"Kearney",1129.161927,136311.9653,675.16168
28609,"Lexington",695.0767046,56275.02703,694.56241
28701,"Salida",166,15829,642.3
28702,"Glenwood Springs",663.1604119,155578.7411,414.88648
28703,"Granby",72,13060,581
28704,"Laramie",330.2905674,61725.83701,643.60158
28800,"Fort Collins",5070.856663,693230.5358,659.3084
28900,"Denver",27402.58722,3638136.711,650.34971
29001,"Pratt",249.1854393,20005.32743,779.15101
29002,"Coldwater",39,1825,1314.6
29003,"Dodge City",539.6182495,42396.23158,769.36098
29004,"Great Bend",951.2150153,76808.26038,807.30695
29005,"Hutchinson",1776.286527,135078.3005,839.75056
29006,"Hays",582.2204661,62821.29921,712.25659
29007,"Township 11",117.7353184,8201.736973,826.23251
29008,"Center",85.49651,4640.902745,849.82145
29101,"Concordia",309.7881822,19748.08473,837.73328
29102,"Superior",139.2359041,9332.053143,733.53134
29103,"Beloit",137.7737948,10325.29543,749.64073
29104,"Salina",1259.073822,116616.7535,735.42205
29201,"Hiawatha",237.7743307,18232.83169,754.43525
29202,"Marysville",207.3102107,16125.75688,702.74025
29203,"Manhattan",1338.244615,217470.2126,698.15509
29204,"Topeka",6095.102343,600128.4434,751.46284
29301,"Wichita",14670.22363,1461944.792,801.45631
29302,"Newton",1083.434326,76649.57438,814.85514
29303,"Winfield",1233.575299,89622.95026,883.66405
29401,"Ottawa",733.2694507,66758.58465,815.34981
29402,"Emporia",576.4523008,56840.36303,741.06719
29403,"Bartlesville",2194.895667,157635.2644,917.73017
29501,"Leavenworth",858.0285901,108470.5454,720.49114
29502,"Kansas City",32692.74145,3802782.583,725.61773
29503,"St. Joseph",3941.499687,323558.7724,902.40455
29504,"Sedalia",1285.248199,103024.8768,875.76217
29505,"Polk",470.3146125,49293.26008,746.47563
29506,"Bethany",306.8217191,20717.39335,876.21249
29601,"Columbia",4428.634839,614463.0432,723.40374
29602,"Eldon",1115.196192,95516.93397,814.82267
29700,"Springfield",13798.82403,1400263.094,800.96124
29800,"Monett",1783.682158,151536.4508,824.22598
29901,"Joplin",4449.06062,376779.8996,947.08487
29902,"Center",806.6775172,58561.12994,930.43236
30000,"Russellville",1882.225157,169428.0736,929.10404
30100,"Fort Smith",5669.415175,441031.6271,975.818
30200,"Muskogee",1827.394794,120410.1729,995.33654
30300,"Fayetteville",6755.158819,758429.6404,803.90267
30401,"Stillwater",875.9025087,114600.0972,762.38047
30402,"Tulsa",26153.93506,2372230.393,849.94845
30403,"Okmulgee",611.9084174,44184.21163,1009.6114
30501,"Woodward",404.7464371,41164.49568,860.23548
30502,"Enid",2668.213503,220111.8599,849.07556
30601,"El Paso",2027.477183,192955.4295,758.05905
30602,"Alamogordo",701.7143535,55913.89383,787.47269
30603,"Truth or Consequences",199,7679,1163.3
30604,"Deming",595.8119137,32887.58904,935.06518
30701,"Roswell",844.0275229,55608.7156,950.30275
30702,"Santa Rosa",24,1038,1330.2
30801,"Hobbs",1001.036206,77769.75024,938.62162
30802,"Lubbock",8983.140753,879758.4574,837.08853
30901,"Clovis",597.1841,60260.34987,780.92426
30902,"Littlefield",225.8814174,12345.59319,880.63494
30903,"Amarillo",4468.618232,388196.6039,920.69667
30904,"Pampa",801.9710605,53068.65828,1021.0611
30905,"Wellington",102.4861015,6520.698402,1024.3293
30906,"Memphis",123.8695652,6712.670807,966.2873
30907,"Matador",17,922,725.8
30908,"Plainview",470.6482994,28086.63608,941.15615
31001,"Garden City",470.6593192,48835.49201,754.62074
31002,"Ulysses",125.117236,10493.44565,794.48106
31003,"Scott City",99.75674056,9085.696824,732.59664
31004,"Liberal",221.1380134,17676.03681,803.75925
31005,"Perryton",187.7874023,11386.72324,1093.9692
31006,"Guymon",430.0656022,29504.72385,991.00957
31007,"Dumas",227.2543742,17613.35685,871.31284
31101,"Victoria",1929.515444,154043.1416,811.05085
31102,"La Grange",453.2047448,31300.96026,665.17394
31103,"Gonzales",137,8870,885.5
31201,"Austin",20409.49018,3292653.824,646.07332
31202,"Burnet",804.9437905,55937.57948,765.37439
31301,"San Antonio",34920.12375,3487132.572,737.89632
31302,"Beeville",196.8887421,18223.43717,747.4684
31303,"Kerrville",1015.394791,60262.63958,688.21859
31304,"Mason",33,3042,650
31401,"Midland",4210.702158,373709.6587,907.72265
31402,"Pecos",145.2336397,11597.54859,971.46776
31403,"Fort Stockton",78.42088267,7150.12056,789.74844
31404,"Alpine",86.04170074,11173.88226,560.31117
31501,"Crystal City",25.83730715,2305.624123,717.07784
31502,"Pearsall",63.23417722,5083.658228,895.1307
31503,"Laredo",118.3714286,18871.01868,590.06423
31600,"Brownsville",2120.567315,155053.1932,601.45558
31700,"Corpus Christi",5672.581307,471889.9245,839.61887
31800,"College Station",2461.995668,383614.8978,754.92836
31900,"Pearland",4379.561856,435432.4199,861.9364
32000,"Houston",86378.54996,9519627.299,765.95071
32100,"Beaumont",6391.055069,470901.9706,974.21428
32201,"Huntsville",2235.093599,194292.6704,827.01188
32202,"Nacogdoches",1366.716268,110958.1049,944.37745
32301,"San Angelo",3093.809414,242566.1284,876.38584
32302,"Brady",268.4858386,16414.2462,866.12026
32303,"Junction",95.68220617,5349.985117,846.72607
32304,"Uvalde",310.5647572,21702.15755,723.49655
32305,"Del Rio",125.9622335,14765.10294,645.72774
32306,"Eagle Pass",39,1858,2422.9
32401,"Big Spring",656.8795887,45891.93364,989.37954
32402,"Sweetwater",245.1796134,14753.49877,1013.3481
32403,"Snyder",326.8568098,22778.91771,980.66765
32501,"Abilene",4395.00978,374192.055,890.37715
32502,"Childress",123.6631455,7208.845853,999.47195
32503,"Haskell",224.1266742,11081.12327,951.27665
32601,"Wichita Falls",2890.547751,229319.022,928.29061
32602,"Graham",590.5642751,34358.22293,1010.2475
32603,"Seymour",44,3013,799.9
32604,"Vernon",320.9647547,18278.39668,1182.7659
32701,"Brownwood",1257.055661,80720.31333,986.96361
32702,"Stephenville",743.4952782,68919.264,851.83691
32801,"Waco",5010.814826,441750.3725,819.22272
32802,"Corsicana",1121.510998,78459.73072,902.67723
32900,"Killeen",3499.401222,387873.7705,843.56145
33000,"Fort Worth",54102.50268,5900171.664,807.42556
33100,"Dallas",34639.39363,3957683.951,731.00685
33200,"Paris",3351.834885,261035.9399,930.58888
33300,"Tyler",6277.416127,480513.1539,906.61074
33400,"Longview",3589.181534,284677.0658,907.75038
33500,"Texarkana",3460.986065,280965.5378,873.53231
33601,"Lawton",2546.387757,229659.6709,963.7883
33602,"Altus",641.6517924,48055.88521,1004.1433
33603,"Frederick",76,4773,907.7
33700,"Ardmore",1862.183539,134464.3544,979.2274
33801,"Elk City",875.3401607,67736.42456,987.88011
33802,"Chickasha",859.2964421,75500.99309,935.68469
33803,"Oklahoma City",28676.27159,2564718.906,866.98129
33901,"Ada",1000.526028,73819.5823,963.63319
33902,"Sherman",2817.161757,213255.468,934.48931
34001,"Hot Springs",5626.313443,382111.1986,905.2919
34002,"Idabel",1206.974629,79426.87384,1037.9653
34102,"Anchorage",2479.846382,421791.386,711.09017
34103,"Valdez",55,7025,1033.3
34108,"Kodiak",30,7529,479.9
34109,"Juneau",246.6903935,41770.82863,627.97565
34110,"Sitka",39,6043,571.2
34111,"Ketchikan",81,9595,789.3
34115,"Fairbanks",988.1615945,203853.9843,709.7679
34201,"Havre",239.3819949,27317.41646,636.8775
34202,"Shelby",156.5188001,14372.06285,689.00742
34203,"Great Falls",2487.523822,249766.8368,715.34424
34204,"Lewistown",148,10886,743.6
34301,"Cody",446.7199287,43877.48084,744.03377
34302,"Worland",144.4354825,11972.95792,759.93721
34303,"Riverton",313,29068,763.1
34304,"Sheridan",716.321684,64208.31685,778.09044
34305,"Miles City",227.1525778,20871.75565,713.49848
34306,"Jordan",11,1282,514.9
34307,"Colstrip",117.6096195,12827.63698,714.83042
34308,"Billings",4481.28185,477102.8707,706.02825
34309,"Harlowton",53.76359338,3820.297872,772.21442
34401,"Dillon",93,8696,756.5
34402,"Bozeman",1656.264982,293237.2639,607.28527
34403,"Helena",1384.054261,150942.3677,705.91622
34404,"Butte",1113.787518,91830.57066,849.02878
34501,"Bonners Ferry",116,10114,814
34502,"Libby",184,18139,625.9
34503,"Kalispell",2152.489038,213307.7761,766.79388
34504,"Missoula",2061.457192,249346.7327,721.35092
34601,"Gillette",592.6264049,102773.8536,790.50828
34602,"Rawlins",140,12518,979.8
34603,"Casper",1183.458726,125650.9242,830.84682
34604,"Lusk",28,2320,836.7
34701,"Honolulu",1631,225403,685.9
34702,"Kauai",207,24535,626.1
34703,"Maui",488,58917,658.1
34801,"Las Vegas",146.2176567,11667.44417,646.42569
34802,"Santa Fe",1785.012156,190801.1096,529.51608
34803,"Tucumcari",74,4372,965.7
34804,"Clayton",30,2362,744.4
34805,"Alamosa",291.7941808,29163.87122,733.7676
34901,"Albuquerque",12041.38462,1071826.309,730.85297
34902,"Socorro",133.9720435,10453.36144,741.63222
35001,"Phoenix",60778.26228,6455561.559,643.44357
35002,"Safford",326.1583113,33761.02375,826.56019
35100,"Tucson",17723.94406,1450048.804,695.54403
35201,"Grand Junction",4965.342019,441136.5577,758.41337
35202,"Gunnison",64,13902,570.6
35300,"Farmington",1174.07838,132052.9129,654.53228
35401,"Flagstaff",5726.887588,434752.3386,707.53532
35402,"Cortez",478.4837734,44892.01003,693.41024
35500,"Gallup",1109.462892,105750.0514,735.03244
35600,"Hawaii",690,68356,694.7
35701,"Twin Falls",2379.486214,223714.3896,799.9907
35702,"Burley",320.1434332,30481.40694,761.0787
35801,"Boise",12263.02255,1689626.734,691.70658
35802,"Ontario",615.5355,50529.11207,816.59723
35803,"McCall",109.8312636,15302.40453,550.96209
35901,"St. George",2795.980099,318771.9215,676.31072
35902,"Price",483.1308628,58260.6557,790.48669
35903,"Moab",74,7938,727.3
35904,"Richfield",506.2298714,47009.94283,850.98914
35905,"Loa",29,2536,867.6
36000,"Provo",6112.680384,1365759.789,697.60973
36100,"Salt Lake City",26308.46484,3858285.136,741.73197
36200,"Logan",1691.441638,305311.8475,693.33226
36301,"Pocatello",3954.952726,486472.0473,784.84194
36302,"Salmon",180.6260808,12251.21401,856.63611
36303,"Jackson",138.8431922,31089.46216,487.24145
36401,"Steamboat Springs",267.2616827,48642.95605,615.36762
36402,"Vernal",328.7494087,51701.13366,767.99513
36403,"Soda Springs",125.8159673,12033.55118,758.78894
36404,"Rock Springs",1030.744378,145688.228,771.14926
36501,"Klamath Falls",2050.577277,156292.1277,840.18257
36502,"Burns",76,6384,729.1
36503,"Lakeview",89,6855,814.8
36600,"Redding",3328.115953,250076.651,859.84485
36700,"Eureka",2119.131859,192084.1576,832.80692
36800,"Medford",3716.339797,292199.2426,774.82679
36901,"Crescent City",619.7020622,37794.59672,880.44245
36902,"Roseburg",2319.717819,163527.6515,829.29602
37000,"Modesto",8537.898171,707603.5613,815.2944
37100,"Bakersfield",3830,324807,929
37200,"Fresno",10704.61037,864100.9037,800.02285
37300,"Chico",6703.026823,583087.5172,807.05376
37400,"Sacramento",39208.32585,3729588.076,721.4815
37500,"San Jose",17862.23752,1963164.078,596.59758
37601,"Elko",793.0581058,111207.5271,813.43535
37602,"Winnemucca",178.7863322,19332.23554,908.86617
37603,"Portola",378.6777251,28140.50237,831.98009
37604,"Reno",12197.12445,1115470.56,837.63165
37700,"Santa Rosa",8430.350859,790003.9233,678.64704
37800,"San Francisco",25334.03361,2833327.266,605.96813
37901,"Las Vegas",46778.06745,4131522.536,842.054
37902,"Mineral",40,2993,704
37903,"Mammoth Lakes",219.3688831,21750.37505,549.56634
38000,"San Diego",14205,1576577,623.4
38100,"Yuma",1496.871388,113548.2546,667.59308
38200,"Santa Barbara",4332.344243,405946.0138,631.13617
38300,"Los Angeles",110710.1014,10909139.06,665.10302
38401,"Lewiston",1753.29288,141082.3179,744.70955
38402,"Pullman",483.039293,73944.94154,677.35454
38501,"Moses Lake",1006.103969,94954.07764,768.3499
38502,"Wenatchee",1105.785945,86716.86931,733.82118
38601,"Spokane",20323.20027,2186038.017,748.2084
38602,"Colville",1122.729113,95635.53199,762.79149
38700,"Longview",3907.711578,313550.0109,836.10494
38801,"Portland",20885.83863,2538458.152,690.25831
38802,"The Dalles",871.4798551,68297.37486,756.48635
38901,"Eugene",12921.38715,1199960.052,747.54212
38902,"Newport",855.508013,66504.74945,753.85328
39000,"Yakima",2323.032846,189992.0199,739.47993
39100,"Kennewick",4928.457998,532467.5665,721.01962
39201,"La Grande",474.4295561,40156.36094,773.88703
39202,"Enterprise",88,6465,743.3
39203,"Bend",3288.821115,384722.1604,649.64588
39204,"Condon",37.16527546,3076.811352,568.7202
39205,"John Day",71,6726,520.7
39301,"Friday Harbor",146,14567,514.6
39302,"Bellingham",1365,170341,623.9
39303,"Port Angeles",1438.40957,102900.0534,667.90075
39400,"Seattle",57667.58246,7280126.071,679.83845
,"",12401073.24,1206232378,742.8001
